service_id,service_name,department,sub_department,processing_time_days,designated_officer,first_appellate_officer,second_appellate_officer,documents_required_count,explicit_prerequisites_count,application_method,application_url,source_url,last_verified_at
1251,Income Certificate,Revenue and Forest Department,Revenue Services,15,Nayab Tahsildar,Tahsildar,Sub Divisional Officer,0,0,Online via Aaple Sarkar Portal or In-Person at Aaple Sarkar Seva Kendra (CSC),https://aaplesarkar.mahaonline.gov.in/en/Registration/Register,https://aaplesarkar.mahaonline.gov.in/en/Login/Certificate_Documents?ServiceId=1251,2026-09-26T15:29:56.625115+00:00
1253,Age Nationality and Domicile Certificate,Revenue and Forest Department,Revenue Services,15,Tahsildar,Sub Divisional Officer,Additional Collector,0,0,Online via Aaple Sarkar Portal or In-Person at Aaple Sarkar Seva Kendra (CSC),https://aaplesarkar.mahaonline.gov.in/en/Registration/Register,https://aaplesarkar.mahaonline.gov.in/en/Login/Certificate_Documents?ServiceId=1253,2026-09-26T15:29:57.274355+00:00
1284,Caste Certificate,Revenue and Forest Department,Revenue Services,45,Sub-Divisional Officer/ Dy. Collector,Additional Collector,Collector,69,1,Online via Aaple Sarkar Portal or In-Person at Aaple Sarkar Seva Kendra (CSC),https://aaplesarkar.mahaonline.gov.in/en/Registration/Register,https://aaplesarkar.mahaonline.gov.in/en/Login/Certificate_Documents?ServiceId=1284,2026-09-26T15:29:57.915945+00:00
1286,Non Creamy Layer Certificate,Revenue and Forest Department,Revenue Services,21,Sub Divisional Officer,Additional Collector,Collector,16,0,Online via Aaple Sarkar Portal or In-Person at Aaple Sarkar Seva Kendra (CSC),https://aaplesarkar.mahaonline.gov.in/en/Registration/Register,https://aaplesarkar.mahaonline.gov.in/en/Login/Certificate_Documents?ServiceId=1286,2026-09-26T15:29:58.593788+00:00
1254,Solvency Certificate,Revenue and Forest Department,Revenue Services,21,Nayab Tahsildar (Upto Rs. 2 Lacs),Tahsildar,Sub Divisional Officer,0,0,Online via Aaple Sarkar Portal or In-Person at Aaple Sarkar Seva Kendra (CSC),https://aaplesarkar.mahaonline.gov.in/en/Registration/Register,https://aaplesarkar.mahaonline.gov.in/en/Login/Certificate_Documents?ServiceId=1254,2026-09-26T15:29:59.220818+00:00
1255,Senior Citizen Certificate,Revenue and Forest Department,Revenue Services,7,Tahsildar,Sub Divisional Officer,Additional Collector,0,0,Online via Aaple Sarkar Portal or In-Person at Aaple Sarkar Seva Kendra (CSC),https://aaplesarkar.mahaonline.gov.in/en/Registration/Register,https://aaplesarkar.mahaonline.gov.in/en/Login/Certificate_Documents?ServiceId=1255,2026-09-26T15:29:59.847450+00:00
4440,7 -12 Extract,Revenue and Forest Department,Land Records & Revenue,1,Talathi,Circle Officer,Tahsildar,0,0,Online via Aaple Sarkar Portal or In-Person at Aaple Sarkar Seva Kendra (CSC),https://aaplesarkar.mahaonline.gov.in/en/Registration/Register,https://aaplesarkar.mahaonline.gov.in/en/Login/Certificate_Documents?ServiceId=4440,2026-09-26T15:30:00.542319+00:00
2318,Agriculturist Certificate,Revenue and Forest Department,Revenue Services,15,Tahsildar,Sub Divisional Officer,Additional Collector,0,0,Online via Aaple Sarkar Portal or In-Person at Aaple Sarkar Seva Kendra (CSC),https://aaplesarkar.mahaonline.gov.in/en/Registration/Register,https://aaplesarkar.mahaonline.gov.in/en/Login/Certificate_Documents?ServiceId=2318,2026-09-26T15:30:01.233517+00:00
1863,Application for Registration of Shops & Establishment (Form A),Urban Development Department,Brihanmumbai Municipal Corporation,7,Senior Inspector (Shops and Establishments),Assistant Municipal Commissioner,Deputy Municipal Commissioner,0,0,Online via Aaple Sarkar Portal or In-Person at Aaple Sarkar Seva Kendra (CSC),https://aaplesarkar.mahaonline.gov.in/en/Registration/Register,https://aaplesarkar.mahaonline.gov.in/en/Login/Certificate_Documents?ServiceId=1863,2026-09-26T15:30:01.897446+00:00
1864,Application for Notice of Change in Shops & Establishment (Form I),Urban Development Department,Brihanmumbai Municipal Corporation,7,Senior Inspector (Shops and Establishments),Assistant Municipal Commissioner,Deputy Municipal Commissioner,0,0,Online via Aaple Sarkar Portal or In-Person at Aaple Sarkar Seva Kendra (CSC),https://aaplesarkar.mahaonline.gov.in/en/Registration/Register,https://aaplesarkar.mahaonline.gov.in/en/Login/Certificate_Documents?ServiceId=1864,2026-09-26T15:30:02.544462+00:00
1866,Application for Cancellation of Shops & Establishment (Form J),Urban Development Department,Brihanmumbai Municipal Corporation,7,Senior Inspector (Shops and Establishments),Assistant Municipal Commissioner,Deputy Municipal Commissioner,0,0,Online via Aaple Sarkar Portal or In-Person at Aaple Sarkar Seva Kendra (CSC),https://aaplesarkar.mahaonline.gov.in/en/Registration/Register,https://aaplesarkar.mahaonline.gov.in/en/Login/Certificate_Documents?ServiceId=1866,2026-09-26T15:30:03.182733+00:00
7129,Application for Cancellation (Trade Licence),Urban Development Department,Brihanmumbai Municipal Corporation,7,Ward Sr.Inspector (Licence),Ward Asstt. Commissioner,Zonal DMC,0,0,Online via Aaple Sarkar Portal or In-Person at Aaple Sarkar Seva Kendra (CSC),https://aaplesarkar.mahaonline.gov.in/en/Registration/Register,https://aaplesarkar.mahaonline.gov.in/en/Login/Certificate_Documents?ServiceId=7129,2026-09-26T15:30:03.819124+00:00
7084,Building Permission (BPMS),Urban Development Department,Building Permission Management System,30,Assistant Town Planner / Town Planning Officer,Associate Town Planner,Municipal Commissioner / Chief Officer,0,0,Online via Aaple Sarkar Portal or In-Person at Aaple Sarkar Seva Kendra (CSC),https://aaplesarkar.mahaonline.gov.in/en/Registration/Register,https://aaplesarkar.mahaonline.gov.in/en/Login/Certificate_Documents?ServiceId=7084,2026-09-26T15:30:04.444189+00:00
8864,Commencement Certificate (AutoDCR),Urban Development Department,Building Permission System - AutoDCR,30,Assistant Town Planner,Deputy Director Town Planning,Municipal Commissioner,0,0,Online via Aaple Sarkar Portal or In-Person at Aaple Sarkar Seva Kendra (CSC),https://aaplesarkar.mahaonline.gov.in/en/Registration/Register,https://aaplesarkar.mahaonline.gov.in/en/Login/Certificate_Documents?ServiceId=8864,2026-09-26T15:30:05.215249+00:00
8865,Plinth Completion Certificate (AutoDCR),Urban Development Department,Building Permission System - AutoDCR,15,Executive Engineer / Building Proposal Officer,Superintending Engineer,Chief Engineer,0,0,Online via Aaple Sarkar Portal or In-Person at Aaple Sarkar Seva Kendra (CSC),https://aaplesarkar.mahaonline.gov.in/en/Registration/Register,https://aaplesarkar.mahaonline.gov.in/en/Login/Certificate_Documents?ServiceId=8865,2026-09-26T15:30:05.858209+00:00
8866,Occupancy Certificate (AutoDCR),Urban Development Department,Building Permission System - AutoDCR,30,Assistant Town Planner / Executive Engineer,City Planner,Municipal Commissioner,0,0,Online via Aaple Sarkar Portal or In-Person at Aaple Sarkar Seva Kendra (CSC),https://aaplesarkar.mahaonline.gov.in/en/Registration/Register,https://aaplesarkar.mahaonline.gov.in/en/Login/Certificate_Documents?ServiceId=8866,2026-09-26T15:30:06.502249+00:00
2476,Birth Certificate (Rural),Rural Development and Panchayat Raj Department,Panchayat Raj Services,5,Gram Sevak,Assistant Block Development Officer,Block Development Officer,0,0,Online via Aaple Sarkar Portal or In-Person at Aaple Sarkar Seva Kendra (CSC),https://aaplesarkar.mahaonline.gov.in/en/Registration/Register,https://aaplesarkar.mahaonline.gov.in/en/Login/Certificate_Documents?ServiceId=2476,2026-09-26T15:30:07.174582+00:00
2480,Death Certificate (Rural),Rural Development and Panchayat Raj Department,Panchayat Raj Services,5,Gram Sevak,Assistant Block Development Officer,Block Development Officer,0,0,Online via Aaple Sarkar Portal or In-Person at Aaple Sarkar Seva Kendra (CSC),https://aaplesarkar.mahaonline.gov.in/en/Registration/Register,https://aaplesarkar.mahaonline.gov.in/en/Login/Certificate_Documents?ServiceId=2480,2026-09-26T15:30:07.820503+00:00
